Name,Website,-1
109b.com ,http://www.109b.com/artdash/,1
1Article World ,http://www.1articleworld.com,3
2 ee's ,http://www.2ees.com,-1
21st Century Articles ,http://21stcenturyarticles.com,1
356Info.com ,http://www.356info.com,-1
3-Shopping.com ,http://www.3-shopping.com/,-1
4Flat Free Marketing ,http://article.4flat.info,-1
A Magazine of People and Possibilities ,http://www.intouchmag.com,4
A1 Articles ,http://www.a1-articles.co.uk,-1
A1 For Articles ,http://www.a1-for-articles.com,0
ABC Article Directory ,http://www.abcarticledirectory.com/,3
Absolute Articles ,http://www.absolutearticle.com,1
Abundance Feels Good! ,http://www.abundancefeelsgood.com,0
ACE-Reviews ,http://www.ace-reviews.com,3
Active Articles - Article Directory for Authors and Webmasters ,http://www.ActiveArticles.com,1
AD ,http://www.articledashboard.com,5
Adsense Money Maker ,http://www.adsense-money-maker.com,2
Adult Tribune ,http://www.adulttribune.com,-1
Advanced Marketer ,http://www.advancedmarketer.com,-1
Advertising ,http://advertising.blogs-articles.com,-1
AffiliateSummary Articles ,http://www.affiliatesummary.com/article/,-1
Afro Articles - Article Marketing Directory ,http://www.afroarticles.com/article-dashboard/,3
All Articles ,http://www.allarticles.co.uk,0
All Things Pondered ,http://groups.yahoo.com/group/allthingspondered/,2
Altrana ,http://www.altrana.com,0
Always Free Content ,http://www.always-free-content.com,-1
Amazing Articles ,http://www.amazingarticles.co.uk,1
Americana Host Articles Directory ,http://americanahost.com/articles-directory,1
Apex Article Directory ,http://www.apexarticledirectory.com/,0
Article Addition ,http://www.articleaddition.com/,-1
Article Adventure ,http://www.articleadventure.com,0
Article Advocate ,http://www.articleadvocate.com,0
Article Affair Directory ,http://www.articleaffair.com,0
Article Announce ,http://groups.yahoo.com/group/article_announce/,3
Article Ardvaark ,http://nero.byethost15.com,-1
Article Attack ,http://www.articleattack.com/,0
Article Authority ,http://ArticleAuthority.com,1
Article Bank Online ,http://www.articlebankonline.com,0
Article Bear ,http://www.articlebear.com,-1
Article Bits ,http://www.articlebits.com,0
Article Blender Directory ,http://www.articleblender.com,0
Article Blotter ,http://www.articleblotter.com,3
Article Bots ,http://www.articlebots.com,-1
Article Camp ,http://www.articlecamp.com,1
Article Center ,http://www.articlecenter.info,1
Article Chimp ,http://www.articlechimp.com,0
Article Community ,http://www.articlecommunity.com,0
Article Content Directory ,http://www.articlecontentdirectory.com,-1
Article Copies ,http://www.allcopies.com,-1
Article County ,http://www.articlecounty.com,1
Article Cut ,http://www.articlecut.com,0
Article Desk ,http://www.articledesk.info,0
Article Directions ,http://www.article.e-booksdownload.com,-1
Article Directory ,http://az.co.cz/article-directory,-1
Article Directory ,http://www.beezymouse.com/,-1
Article Directory .WS ,http://www.articledirectory.ws,-1
Article Directory Christiannotepad ,http://www.christiannotepad.com,0
Article Discovery ,http://www.articlediscovery.com/,2
Article Domain ,http://www.Article-Domain.com,0
Article Domain ,http://www.articledomain.com,0
article emporium ,http://www.article-emporium.ca/,2
Article Exchange ,http://www.articleexchange.net,0
Article Fame ,http://www.articlefame.com,1
Article Free 4 All ,http://www.articlefree4all.com,0
Article Friendly ,http://www.articlefriendly.com,3
Article Friendly Too ,http://www.brunkco.com/,3
Article Goldmine ,http://www.articlegoldmine.com,0
Article Goldmine ,http://www.articlegoldmine.com,0
Article grabbag ,http://www.articlegrabbag.com/,0
Article Horizon ,http://articlehorizon.com,1
Article Host ,http://www.articlehost.net,0
Article Info ,http://www.articleinfo.org/,-1
Article Joint ,http://articlejoint.com,-1
Article Library ,http://www.article-library.net,0
Article Manual ,http://www.articlemanual.com,0
Article Messenger ,http://www.articlemessenger.com,0
Article Metropolis ,http://www.articlemetropolis.com,2
Article Net ,http://www.article-net.com,0
article News Depot ,http://www.articlenewsdepot.com,0
Article North ,http://www.articlenorth.com/,3
Article Outlet ,http://www.article-outlet.com,2
Article Outpost ,http://www.articleoutpost.com,2
Article Partners ,http://www.articlepartners.com,-1
Article Platform ,http://www.articleplatform.com/,-1
Article Postings ,http://www.articlepostings.com,-1
Article Potluck ,http://www.articlepotluck.com,0
Article Provider ,http://www.article-provider.com,1
Article Pyramid Directory ,http://articlepyramid.com,-1
Article Rater ,http://www.articlerater.com/,0
Article Rater ,http://www.ArticleRater.com,-1
article shmarticle ,http://www.articleshmarticle.com/,0
Article Shop ,http://www.articleshop.co.uk,0
Article site ,http://articlesubmission.info,-1
Article Studios ,http://www.articlestudios.com,0
Article submission ,http://www.articlesauce.com,0
Article Submission & Syndication Site ,http://www.articleboard.us,-1
Article Submission | Link Submission ,http://www.free-web-content.yeheygoogle.com,-1
article velocity ,http://www.articlevelocity.com/,0
Article view ,http://www.articleview.org,0
Article Viral - Online Viral Articles Source ,http://www.articleviral.com,0
Article Writers Digest ,http://articlewritersdigest.com,-1
Article24.info ,http://www.article24.info,0
Article-4-You is an online article directory for both publishers and authors. Fo ,http://article-4-you.com/,-1
Articleary ,http://www.articleary.com,0
Article-Buzz - Free Article Directory ,http://www.article-buzz.com/,3
ArticleCafe.net ,http://www.articlecafe.net,0
ArticleChain.com ,http://www.articlechain.com,-1
ArticleCircle - Free Articles Directory ,http://www.articlecircle.com,-1
ArticleClips ,http://www.articleclips.com,1
ArticleCo.com ,http://www.articleco.com,2
ArticleCrunch ,http://www.articlecrunch.com,1
ArticleGoldMine.com ,http://www.articlegoldmine.com,0
ArticleGuide.info ,http://www.articleguide.info,0
ArticleGuide.org ,http://www.articleguide.org,0
Article-Junction ,http://www.article-junction.com/,0
Article-Library .Network ,http://www.article-library.net,0
ArticleManiac.com ,http://www.articlemaniac.com,3
Article-Maze ,http://www.article-maze.com,-1
ArticleMuse.com ,http://www.articlemuse.com,1
ArticlePro International ,http://www.articlepro.co.uk/international,-1
ArticleQuick ,http://www.articlequick.com,-1
ArticleRich.com ,http://www.articlerich.com,-1
Articles @ Hiphil.Net ,http://hiphil.net/adb/index.php,-1
Articles 2 Go ,http://articles.international-atemijujitsu.co.uk,0
Articles 4U ,http://www.garylbrown.com,-1
Articles About... ,http://articlesabout.com,-1
Articles at 24Hour Info ,http://articles.24hour-info.com/,-1
Articles Base Directory ,http://www.articlesbase.com,5
Articles Collections ,http://www.articles-collections.com,1
Articles Feed ,http://www.articlesfeed.net,-1
Articles Free Zone ,http://www.articlefreezone.com/,1
Articles Heaven ,http://www.brunkco.com/articles,-1
Articles HQ ,http://www.articles-hq.com/,1
Articles Insight Directory ,http://www.articlesinsight.com,1
Articles island ,http://www.articlesisland.com,0
Articles News & Blogs ,http://www.articles-news-blogs.com/,-1
Articles On Tap ,http://www.articlesontap.ws,3
"Articles To Reprint, free content for every website ",http://www.articlestoreprint.com,2
Articles Vault ,http://www.patantconsult.com/articlesvault/,-1
Articles World Directory ,http://www.articlesworlddirectory.com/,0
Articles.co.nz Directory ,http://www.articles.co.nz,3
Articles.Web.Com ,http://www.articles.web.com,-1
Articles2K ,http://www.articles2k.com/,-1
Articles4Blogs ,http://www.articles4blogs.com,-1
Articles4Dating ,http://articles4dating.com/,0
ArticlesAmerica ,http://www.articlesamerica.com,1
ArticlesArea ,http://www.articlesarea.com,3
Articles-Base ,http://www.articles-base.com,0
ArticlesBiz ,http://www.articlesbiz.com/,4
article-search.eu ,http://www.article-search.eu,-1
ArticlesFeed.com ,http://www.articlesfeed.com,0
ArticleShine.com ,http://www.articleshine.com,0
ArticlesMaker.info ,http://www.articlesmaker.info,1
ArticleSnatch - The Best Place to Grab Articles ,http://www.articlesnatch.com,-1
ArticlesPortfolio.com ,http://www.articlesportfolio.com,0
ArticlesR Us ,http://www.articlesr.us,0
ArticlesRFree ,http://www.articlesrfree.com,1
ArticlesRus.net ,http://www.articlesrus.net,-1
Articles-Site.com ,http://www.articles-site.com,0
ArticleStreet.com ,http://www.articlestreet.com,0
Articlesubmission Directory ,http://articlesubmission.info,-1
ArticlesUp ,http://www.articlesup.com,-1
articleswww ,http://articleswww.com,0
ArticleTap ,http://www.articletap.com,1
ArticleWOW ,http://www.articlewow.com,0
ArticleXplosion ,http://www.articlexplosion.com,4
Artigle.com ,http://www.artigle.com,-1
Ask Cyber Steve ,http://www.askcybersteve.com,2
Ateau.com - Home of the Awesome Site Builder! ,http://www.ateau.com,2
Auction Sellers Articles ,http://www.auction-sellers-articles.com,0
BahBahGirls ,http://www.bahbahgirls.com/articles/,0
BankBonds Articles ,http://www.bankbonds.co.za/article/,3
BBL Articles ,http://www.articles.bizbizlink.com,2
beaded shoes ,http://www.punjabfootwear.com,4
Best Articles and Tips ,http://www.bestarticlesandtips.com,0
Best Free Content - All ,http://groups.yahoo.com/group/bestfreecontent_all/,-1
Best Free Content - Business ,http://www.bestfreecontent.com/,0
Best Free Content - Entrepreneurship ,http://groups.yahoo.com/group/bestfreecontent_entrepreneurship/,-1
Best Success Articles ,http://www.bestsuccessarticles.com,0
Best Web Site Promotion ,http://www.BestWebSitePromotion.com,-1
BestArticlesNow.com ,http://www.bestarticlesnow.com,0
Bestforex4beginners ,http://bestforex4beginners.com/articles/,-1
BestNicheArticles.com ,http://www.bestnichearticles.com,0
Bestsellersworld.com/Articles ,http://www.bestsellersworld.com,3
Big Article Site ,http://www.bigarticlesite.com,1
Bits N Wits Articles ,http://www.bitsnwits.com,1
bitSnacks.com ,http://articles.bitsnacks.com,-1
Blackfox Article Directory ,http://articledirectory.z-blackfox.info,2
Blogging Stuff ,http://www.bloggingstuff.com,0
Blogticles Articles for Bloggers ,http://www.blogticles.com,1
BLT-Web ,http://www.blt-web.com,-1
Blue Articles ,http://www.bluearticles.com,0
Blue Water Articles ,http://www.BlueWaterArticles.com,0
Bookaroo ebooks and article directory ,http://www.bookaroo.info,3
Business Geek ,http://www.business-geek.com,0
Business Health Articles ,http://www.businesshealtharticles.com,-1
Business Publications Search Engine ,http://www.bpubs.com,7
Button Easy Articles ,http://www.buttoneasyarticles.com,3
ChatXPlanet Article Directory ,http://www.chatxplanet.com/articledirectory/index.php,-1
Chris Moos - Welcome to My World ,http://cmoos.com/blog,-1
Click Article ,http://www.clickarticle.com,-1
Commando Press ,http://www.commandopress.com,0
Computer Articles Article Directory ,http://www.computer-articles.com,0
Computer T&T ,http://www.hostmelive.net,2
Computing Arena ,http://computingarena.com,-1
Content4Reprint - Free article library ,http://www.content4reprint.com/,4
Content-is-Free ,http://www.content-is-free.com,-1
ContentKing ...Because Content is King! ,http://www.contentking.eu,2
Convivium Article Library ,http://www.convivium.co.za/,-1
Cool Topix ,http://www.cooltopix.com,-1
creativeuphoria.com ,http://creativeuphoria.com,2
CurseBuster Article Directory ,http://www.cursebustersound.com/article/,3
Custom Design Postcards ,http://www.customdesignpostcards.com,0
Custom Design Postcards ,http://www.customdesignpostcards.com,0
Dalster.com Article Directory ,http://www.dalster.com,-1
DanJan Associates Article Content Directory ,http://www.den-tex.com/ArticleDirectory/,0
Debt Counseling | Debt Relief - Free Articles ,http://www.indebtcounselingresource.com,-1
Detail Article Resource Directory ,http://www.detailingservices101.com,0
Direct Online Marketing ,http://www.DirectOM.com,3
Directory 411 ,http://www.directory-411.info/,0
"Directory of Articles, Publications And Syndication ",http://www.articleaffair.com,0
DirectoryGold Article Directory ,http://articles.directorygold.com,0
Disaster Tax Relief ,http://www.disaster-tax-relief.com,-1
DJ & H Articles Unlimited ,http://articles.djhunlimited.com,0
dk-article ,http://www.article.com,2
dummies guide to ,http://www.dummiesguideto.com,0
E Publishing Articles ,http://www.e-publishing.org.uk,1
eAnnounce ,http://groups.yahoo.com/group/eAnnounce,2
e-Article Directory ,http://www.e-articledirectory.com,0
eArticlesOnline.com ,http://www.earticlesonline.com,0
E-Business ,http://e-business.getgr8.info/,-1
Economy Ezine ,http://www.economyezine.com/,2
ElectricText ,http://www.electrictext.com/,-1
ELGreenOnline Article Directory ,http://ELGreenOnline.com/ad,-1
eStuffArticles.com ,http://www.estuffarticles.com,0
exclusive article directory ,http://www.exclusive-article.com,0
Experts Articles ,http://expertsarticles.com,1
Express Your Idea ,http://www.expressyouridea.com,0
EZ Articles ,http://ezarticles.net,0
Ezine Articles Site ,http://ezine-articles.org/ezinearticles/,1
Ezine Articles.com ,http://www.ezinearticles.com,6
Ezine Finder ,http://www.ezinefinder.com,4
Forex Software and Training ,http://www.forexsoftwareandtraining.com/articles/,-1
Found Articles ,http://www.foundarticle.com,0
Free Article Depot ,http://free-article-depot.com,-1
Free Article Directory UK ,http://www.free-article-directory-uk.com,-1
Free Article Submission and Content Source ,http://www.article-space.com,0
Free Articles ,http://www.topica.com/lists/free_articles,-1
Free Articles ,http://freesearcharticles.com,-1
Free Articles @ Articles-Seek.com ,http://www.articles-seek.com,-1
Free Articles And Content ,http://www.freearticlesandcontent.com,0
Free Articles for Reprint ,http://www.articles-hub.com,3
Free Articles Search Directory ,http://www.free-articles-search.com/,1
Free Articles to share ,http://www.articlesto.com,1
Free Content Syndication ,http://www.content-syndication.org/,0
Free Ezine Articles Site ,http://freezinesite.com,-1
Free Marketing Info ,http://www.free-marketing-info.com,0
Free Premium Articles ,http://www.freepremiumarticles.com,0
Free Web Articles ,http://www.freewebarticles.info/,-1
FREE web content ,http://www.free-web-content.yeheygoogle.com/,-1
Free Zine Content ,http://groups.yahoo.com/group/freezinecontent,3
Free-Article-Bank.com ,http://www.free-article-bank.com,-1
FreeArticlePromotion.com ,http://www.freearticlepromotion.com,0
FreeArticles101 ,http://www.freearticles101.info/,1
Freeinfoarticles.com ,http://www.freeinfoarticles.com,-1
Freelance Freedom ,http://www.freelancefreedom.com/,-1
Freezine Articles Blog ,http://freezine-articles.com/wp/,-1
FYIpedia ,http://www.fyipedia.com,0
Gather Success ,http://www.gathersuccess.com/articles/,-1
"Get free content for your website, newsletter or offline products! Wide range of ",http://www.articlecrash.com,1
Getyourcontent.com ,www.getyourcontent.com,3
Give me Articles ,http://www.give-me-articles.com,-1
Global News Articles ,http://www.globalnewsarticles.com,-1
Global Top Articles ,http://www.globaltoparticles.com,0
GoArticles ,http://www.goarticles.com,6
Gobala Krishnan ,http://articles.easywordpress.com,-1
Good Info Home ,http://goodinfohome.com,0
Great articl site ,http://freelancefreedom.com,-1
Guru Articles ,http://garticles.theguruonline.biz,-1
Handpicked Internet Marketing Resources Directory ,http://your.ThinkOutOfTheBox.INFO,-1
HaveInfo ,http://haveinfo.net,-1
Hawkeye Article Directory ,http://www.hawkeyearticles.com,-1
Hit A Link - Article and Snippet Announcements ,http://www.hitalink.com,0
Home Business ArticlesTo Share ,http://www.home-business.ArticlesTo.com,-1
HowToQueen ,http://www.howtoqueen.com,0
http://www.ezinesarticle.com/ ,http://www.ezinesarticle.com/,1
http://www.TheNicheArticles.com ,http://www.thenichearticles.com,-1
I Need Content ,http://finance.groups.yahoo.com/group/I_Need_Content,-1
iArticle Directory ,http://www.iarticledirectory.com/,-1
Idea at The Business Resources ,http://idea.thebusinessresources.com,-1
IndoArticles ,http://www.indoarticles.com,0
Info Asylum ,http://www.infoasylum.com,-1
Info-Depot Article Directory ,http://www.info-depot.biz,0
Information Galaxy ,http://www.information-galaxy.com,-1
Information-Overload ,http://www.information-overload.eu/articleland,-1
InfoWizards Free Content Articles ,http://content.infowizards.com,-1
Internal-info ,http://internal-info.us,-1
Internet Marketing ,http://internetmoneyblog.com,2
Internet Marketing Articles ,http://www.internetmarketingarticles.net,1
Internet Marketing Articles ,http://www.internetmarketingarticles.org,-1
Internet Marketing Resource ,http://www.asfdesign.com/articles/,4
Internet Technology Business Articles ,http://www.thatarticledirectory.com,-1
IntPedia Articles ,http://articles.intpedia.com,-1
Isins Article Directory ,http://www.isins.com/articles/,-1
IT PiMP's Article Directory ,http://articles.itpimp.co.za,-1
JoDees Totalresell.com ,http://www.totalresell.com,1
Joel's Articles ,http://joelsarticles.com,1
"JPServicez Search Articles, Tutorials, Journals and How Tos Directory ",http://www.jpservicez-searcharticles.com,3
Just Articles ,http://www.JustArticles.com/,-1
keyword articles ,http://www.keywordarticles.org,3
Know Articles ,http://www.knowarticles.com,-1
knowhow-now.com ,http://knowhow-now.com,-1
Learning Minds ,http://www.learningminds.us,0
liberated-press-releases.com ,http://www.liberated-press-releases.com,2
"Mad Article World - Free Articles, Free Content & Free Article Submission. ",http://www.madarticleworld.com,-1
Marketing ,http://marketing.blogs-articles.com,-1
MarketingTactic ,http://marketingtactic.com,0
matrixsearches ,http://www.matrixsearches.com,-1
Midnight Marketer ,http://midnightmarketer.com,2
Mike's Place ,http://www.potvin.org/articles,-1
Misyaar Articles ,http://www.misyaar.com,-1
"MJE Sales, LLC ",http://www.mjesales.com,-1
MoneyHomeBiz.com/ArticleDashboard ,http://www.MoneyHomeBiz.com/ArticleDashboard,-1
More Than Articles ,http://www.morethanarticles.com,-1
Most-Articles ,http://most-articles.com,0
My Affiliate marketing Opinions ,http://nakamarketing.com/blog,0
My Article Dashboard ,http://www.my-article-dashboard.com/,0
My Article Feeds ,http://www.myarticlefeeds.com,1
My Article Mall ,http://www.myarticlemall.com,0
My Article Zone ,http://www.myarticlezone.info,0
My Articles Directory ,http://www.myarticlesdirectory.com,0
myEdownloads Article Site ,http://www.myedownloads.com/articles,-1
MyWebAuthor ,http://mywebauthor.com/,-1
Net Marketing Whiz ,http://www.netmarketingwhiz.com/,2
Net One Solutions Article Directory ,http://www.netonesolutions.com/,-1
Netwrite Publish Announce ,http://groups.yahoo.com/group/netwrite-publish-announce/,-1
New Articles Here! ,http://www.newarticleshere.com/,1
New Ezine Articles ,http://www.newezinearticles.com/,2
New Living Ezine ,http://ezine.newlivingmedia.com,-1
NewsFools.com ,http://newsfools.com,0
NewSoftwareWeb.com ,http://www.newsoftwareweb.com,-1
NextArticles.com ,http://www.nextarticles.com,1
Niche Articles Live ,http://www.nichearticleslive.com/,0
NicheSpotlight ,http://content.nichespotlight.com,-1
No Bull Internet Marketing Articles ,http://www.article-directory.no-bull.net,-1
Noodlenak ,http://www.noodlenak.com,0
NorthAmericanWide News and Views ,http://www.northamericanwideclassified.com/northamericanwide/,0
NuLife Weight Loss Articles ,http://www.nulife-weightloss.com/articles/,-1
OArticles - Build A Web Site with Articles ,http://www.oarticles.com/,2
On the Net News ,http://www.onthenetnews.com/,-1
One Stop Article Shop ,http://www.onestoparticleshop.com,-1
Online Business Opportunity ,http://www.arantabiz.com/,-1
Online Marketing Gold ,http://www.onlinemarketinggold.com,-1
Online MLM ,http://www.onlinemlm.com/articledirectory/,-1
OnlineEarnings Article Board ,http://www.onlineearnings.net,0
OnlineJer ,http://www.onlinejer.com,0
Orbitaloc ,http://www.orbitaloc.com/,0
Parent Super Site ,http://www.parentsupersite.com,4
Party Articles Directory ,http://www.partyarticles.com,0
PhP-Community ,http://www.php-community.com,4
Portator ,http://www.portator.com,0
Power Publish ,http://www.powerpublish.co.uk,-1
Power Search System - Internet Marketing ,http://www.power-search-system.info/internet-marketing,-1
Profit Theme ,http://www.profittheme.com,-1
PromoteTech's Online Articles ,http://www.promotetech.com,0
Publish Your Articles ,http://www.PYArticles.com,0
Publishedcontent ,http://www.publishedcontent.com,0
Quality Free Articles ,http://www.qualityfreearticles.com,1
Quality Free Articles ,http://www.qualityfreearticles.com,1
Quality Free Articles ,http://qualityfreearticles.com,-1
Qwesz Articles Directory ,http://www.qwesz.com/articles-directory,1
RBG Solutions ,http://www.rbgsolutions.com/,0
Read My Articles ,http://groups.yahoo.com/group/ReadMyArticles/,-1
RealEstateArticlesDirect.com ,http://www.realestatearticlesdirect.com/articles/,-1
Rhino Articles ,http://www.rhinoarticles.com,3
Right Article ,http://www.rightarticle.com,3
Right-Info-Articles ,http://www.right-info.com,0
Sandie Go Mortgage Online ,http://www.sandiegomortgageonline.com/dashboard/,2
Search Engine Marketing And SEO ,http://www.af-marketing.info,-1
Seek Gift Baskets Directory ,http://www.seekgiftbaskets.com/,3
Senior Articles ,http://www.Senior-Articles.com,-1
SEO and Webmaster Guide ,http://allseo.net,0
SEO Site Manager ,http://www.seositemanager.com,0
Shades and Syllables ,http://www.alchemycove.com,-1
Simple Website Tips ,http://www.simplewebsitetips.com,1
Site Reference ,http://site-reference.com,-1
Small Commercial Mortgage Online Article Directory ,http://www.smallcommercialmortgageonline.com/articledirectory,-1
Social Media Marketing Articles ,http://www.socialmediamarketingarticles.com,0
Sonic Syndicator ,http://sonicsyndicator.com,0
Spidercow Articles ,http://articles.spidercow.com,-1
SpiinZ Articles ,http://articles.spiinz.com,-1
Studio 31 Marketing ,http://www.Studio31Marketing.com,-1
Submit Articles - Free Articles & Information ,http://www.articles.net.au,-1
Submit Articles Site ,http://submitarticles.biz/submitarticles/,0
Submit Your Articles ,http://www.articlegear.com,0
Submit Your New Article ,http://www.submityournewarticle.com,-1
Submit-news ,http://www.submit-news.com,0
Success Collection ,http://www.success-collection.net,2
Super Archives ,http://www.superarchives.com,-1
Swap Articles & Information ,http://www.swap.com.au,-1
Taffs Article Directory ,http://www.taffs-article-directory.com,1
Talkin Mince Article Directory ,http://www.talkinmince.com,3
Taylor's Web World ,http://www.taylorswebworld.com/,0
Team77 ,http://team77.com/index.php,0
team77 articles ,http://team77.com,2
Team77.com ,http://www.team77.com,-1
Technophobiac.com ,http://www.technophobiac.com,2
tekArticles ,http://www.tekarticles.com,-1
That Article Directory ,http://www.thatarticledirectory.com/,-1
That Article Site ,http://www.thatarticlesite.com,-1
The 3rd Party NetX ,http://www.the3rdpartynetx.com/article-feed-cache/,-1
The Add Articles Directory ,http://www.add-articles.com,-1
the article directory and web content ,http://www.thearticledirectoryandwebcontent.com,0
The Article Directory at Small Commercial Mortgage Online ,http://www.smallcommercialmortgageonline.com/articledirectory/,-1
The article dude ,http://www.thearticledude.com/,1
The Article King ,http://www.thearticleking.com/,-1
The Article Library ,http://www.thearticlelibrary.com,1
The Article Source ,http://www.thearticlesource.net/,0
The Article Trunk ,http://www.ArticleTrunk.com,2
The Articles Center ,http://www.thearticlescenter.com/,-1
The Articleshelf ,http://www.articleshelf.com,0
The Big Article Directory ,http://www.BigArticleDirectory.com,2
The Digital Library ,http://www.thedigitallibrary.com/articles,-1
The Info File ,http://www.theinfofile.com,1
The Internet Wonders eZine ,http://www.internetwondersezine.com,-1
The Leading Articles.com ,http://www.theleadingarticles.com,2
The New Articles ,http://thenewarticles.com,-1
The Old Print Works ,http://www.theoldprintworks.net,1
The Online Reports Article Directory ,http://article.theonlinereports.com,-1
The Real Articles ,http://www.therealarticles.com/,0
The Web Llama ,http://www.thewebllama.com,-1
The Webmaster Diaries ,http://www.fortunes-today.com,1
TheArticleBlogs ,http://www.thearticleblogs.com/,3
Thousand Folders ,http://thousandfolders.com/,0
Tips Tricks Resource Portal ,http://www.tips.com.my,3
TipShare.net ,http://www.tipshare.net,-1
Top Articles Directory ,http://www.top-articles-directory.com,-1
Top-Affiliate.com ,http://www.top-affiliate.com/articles,-1
Totalresell.com Article Directory ,http://www.totalresell.com,1
TOYO.COM ,http://TOYO.COM,5
Traffichelp4u Article Dashboard ,http://www.traffichelp4u.com,2
Triple X Articles ,http://www.triplexarticles.com,1
uncommonreads ,http://www.uncommonreads.com,-1
Updated Articles ,http://www.updatedarticles.com,0
Web Designing & Development ,http://www.bytesworth.com/articles,-1
Web Pro News ,http://www.webpronews.com,6
Webhosting Monkey ,http://www.webhostingmonkey.com,0
Webiar Free Articles ,http://www.webiar.com,0
Webmaster Solutions ,http://www.kdevtr.com,0
Weight Loss Buddy Articles ,http://www.weightlossbuddy.com,4
WellWisher Articles ,http://www.wellwisher.org,1
Wongaa Wiki ,http://www.wongaa.com,-1
work at home ,http://www.northamericanwideworkathome.com,0
Work At Home Article Blog ,http://www.wahguide.com/articles/,-1
Work At Home Business Website ,http://work-at-home-business-website.com/,-1
Work At Home Fair ,http://www.workathomefair.com,1
Work On The Internet Newsetter ,http://www.workoninternet.com,4
World Class Articles ,http://www.world-class-articles.com,2
World Free Articles ,http://www.worldfreearticles.com,0
World Of Articles ,http://www.worldofarticles.net,0
World Wide Web Information Central ,http://www.worldwidewebinformationcentral.com,0
Worldtech Media ,http://www.worldtech.cc,2
xyArticles ,http://www.xyarticles.com,-1
Your Article Directory ,http://www.article-4-you.com,-1
Your Article Online ,http://www.yourarticleonline.com,0
Your Articles World Directory ,http://www.yourarticlesworld.com,-1
Your Free SAtellite ,http://www.your-free-satellite.com/index-2.html,-1
Your Yin Yang ,http://www.youryinyang.com/articles/,-1
Zilla Articles Directory ,http://www.zillaarticles.com,-1
