Name,Website
109b.com ,http://www.109b.com/artdash/
1Article World ,http://www.1articleworld.com
2 ee's ,http://www.2ees.com
21st Century Articles ,http://21stcenturyarticles.com
356Info.com ,http://www.356info.com
3-Shopping.com ,http://www.3-shopping.com/
4Flat Free Marketing ,http://article.4flat.info
A Magazine of People and Possibilities ,http://www.intouchmag.com
A1 Articles ,http://www.a1-articles.co.uk
A1 For Articles ,http://www.a1-for-articles.com
ABC Article Directory ,http://www.abcarticledirectory.com/
Absolute Articles ,http://www.absolutearticle.com
Abundance Feels Good! ,http://www.abundancefeelsgood.com
ACE-Reviews ,http://www.ace-reviews.com
Active Articles - Article Directory for Authors and Webmasters ,http://www.ActiveArticles.com
AD ,http://www.articledashboard.com
Adsense Money Maker ,http://www.adsense-money-maker.com
Adult Tribune ,http://www.adulttribune.com
Advanced Marketer ,http://www.advancedmarketer.com
Advertising ,http://advertising.blogs-articles.com
AffiliateSummary Articles ,http://www.affiliatesummary.com/article/
Afro Articles - Article Marketing Directory ,http://www.afroarticles.com/article-dashboard/
All Articles ,http://www.allarticles.co.uk
All Things Pondered ,http://groups.yahoo.com/group/allthingspondered/
Altrana ,http://www.altrana.com
Always Free Content ,http://www.always-free-content.com
Amazing Articles ,http://www.amazingarticles.co.uk
Americana Host Articles Directory ,http://americanahost.com/articles-directory
Apex Article Directory ,http://www.apexarticledirectory.com/
Article Addition ,http://www.articleaddition.com/
Article Adventure ,http://www.articleadventure.com
Article Advocate ,http://www.articleadvocate.com
Article Affair Directory ,http://www.articleaffair.com
Article Announce ,http://groups.yahoo.com/group/article_announce/
Article Ardvaark ,http://nero.byethost15.com
Article Attack ,http://www.articleattack.com/
Article Authority ,http://ArticleAuthority.com
Article Bank Online ,http://www.articlebankonline.com
Article Bear ,http://www.articlebear.com
Article Bits ,http://www.articlebits.com
Article Blender Directory ,http://www.articleblender.com
Article Blotter ,http://www.articleblotter.com
Article Bots ,http://www.articlebots.com
Article Camp ,http://www.articlecamp.com
Article Center ,http://www.articlecenter.info
Article Chimp ,http://www.articlechimp.com
Article Community ,http://www.articlecommunity.com
Article Content Directory ,http://www.articlecontentdirectory.com
Article Copies ,http://www.allcopies.com
Article County ,http://www.articlecounty.com
Article Cut ,http://www.articlecut.com
Article Desk ,http://www.articledesk.info
Article Directions ,http://www.article.e-booksdownload.com
Article Directory ,http://az.co.cz/article-directory
Article Directory ,http://www.beezymouse.com/
Article Directory .WS ,http://www.articledirectory.ws
Article Directory Christiannotepad ,http://www.christiannotepad.com
Article Discovery ,http://www.articlediscovery.com/
Article Domain ,http://www.Article-Domain.com
Article Domain ,http://www.articledomain.com
article emporium ,http://www.article-emporium.ca/
Article Exchange ,http://www.articleexchange.net
Article Fame ,http://www.articlefame.com
Article Free 4 All ,http://www.articlefree4all.com
Article Friendly ,http://www.articlefriendly.com
Article Friendly Too ,http://www.brunkco.com/
Article Goldmine ,http://www.articlegoldmine.com
Article Goldmine ,http://www.articlegoldmine.com
Article grabbag ,http://www.articlegrabbag.com/
Article Horizon ,http://articlehorizon.com
Article Host ,http://www.articlehost.net
Article Info ,http://www.articleinfo.org/
Article Joint ,http://articlejoint.com
Article Library ,http://www.article-library.net
Article Manual ,http://www.articlemanual.com
Article Messenger ,http://www.articlemessenger.com
Article Metropolis ,http://www.articlemetropolis.com
Article Net ,http://www.article-net.com
article News Depot ,http://www.articlenewsdepot.com
Article North ,http://www.articlenorth.com/
Article Outlet ,http://www.article-outlet.com
Article Outpost ,http://www.articleoutpost.com
Article Partners ,http://www.articlepartners.com
Article Platform ,http://www.articleplatform.com/
Article Postings ,http://www.articlepostings.com
Article Potluck ,http://www.articlepotluck.com
Article Provider ,http://www.article-provider.com
Article Pyramid Directory ,http://articlepyramid.com
Article Rater ,http://www.articlerater.com/
Article Rater ,http://www.ArticleRater.com
article shmarticle ,http://www.articleshmarticle.com/
Article Shop ,http://www.articleshop.co.uk
Article site ,http://articlesubmission.info
Article Studios ,http://www.articlestudios.com
Article submission ,http://www.articlesauce.com
Article Submission & Syndication Site ,http://www.articleboard.us
Article Submission | Link Submission ,http://www.free-web-content.yeheygoogle.com
article velocity ,http://www.articlevelocity.com/
Article view ,http://www.articleview.org
Article Viral - Online Viral Articles Source ,http://www.articleviral.com
Article Writers Digest ,http://articlewritersdigest.com
Article24.info ,http://www.article24.info
Article-4-You is an online article directory for both publishers and authors. Fo ,http://article-4-you.com/
Articleary ,http://www.articleary.com
Article-Buzz - Free Article Directory ,http://www.article-buzz.com/
ArticleCafe.net ,http://www.articlecafe.net
ArticleChain.com ,http://www.articlechain.com
ArticleCircle - Free Articles Directory ,http://www.articlecircle.com
ArticleClips ,http://www.articleclips.com
ArticleCo.com ,http://www.articleco.com
ArticleCrunch ,http://www.articlecrunch.com
ArticleGoldMine.com ,http://www.articlegoldmine.com
ArticleGuide.info ,http://www.articleguide.info
ArticleGuide.org ,http://www.articleguide.org
Article-Junction ,http://www.article-junction.com/
Article-Library .Network ,http://www.article-library.net
ArticleManiac.com ,http://www.articlemaniac.com
Article-Maze ,http://www.article-maze.com
ArticleMuse.com ,http://www.articlemuse.com
ArticlePro International ,http://www.articlepro.co.uk/international
ArticleQuick ,http://www.articlequick.com
ArticleRich.com ,http://www.articlerich.com
Articles @ Hiphil.Net ,http://hiphil.net/adb/index.php
Articles 2 Go ,http://articles.international-atemijujitsu.co.uk
Articles 4U ,http://www.garylbrown.com
Articles About... ,http://articlesabout.com
Articles at 24Hour Info ,http://articles.24hour-info.com/
Articles Base Directory ,http://www.articlesbase.com
Articles Collections ,http://www.articles-collections.com
Articles Feed ,http://www.articlesfeed.net
Articles Free Zone ,http://www.articlefreezone.com/
Articles Heaven ,http://www.brunkco.com/articles
Articles HQ ,http://www.articles-hq.com/
Articles Insight Directory ,http://www.articlesinsight.com
Articles island ,http://www.articlesisland.com
Articles News & Blogs ,http://www.articles-news-blogs.com/
Articles On Tap ,http://www.articlesontap.ws
"Articles To Reprint, free content for every website ",http://www.articlestoreprint.com
Articles Vault ,http://www.patantconsult.com/articlesvault/
Articles World Directory ,http://www.articlesworlddirectory.com/
Articles.co.nz Directory ,http://www.articles.co.nz
Articles.Web.Com ,http://www.articles.web.com
Articles2K ,http://www.articles2k.com/
Articles4Blogs ,http://www.articles4blogs.com
Articles4Dating ,http://articles4dating.com/
ArticlesAmerica ,http://www.articlesamerica.com
ArticlesArea ,http://www.articlesarea.com
Articles-Base ,http://www.articles-base.com
ArticlesBiz ,http://www.articlesbiz.com/
article-search.eu ,http://www.article-search.eu
ArticlesFeed.com ,http://www.articlesfeed.com
ArticleShine.com ,http://www.articleshine.com
ArticlesMaker.info ,http://www.articlesmaker.info
ArticleSnatch - The Best Place to Grab Articles ,http://www.articlesnatch.com
ArticlesPortfolio.com ,http://www.articlesportfolio.com
ArticlesR Us ,http://www.articlesr.us
ArticlesRFree ,http://www.articlesrfree.com
ArticlesRus.net ,http://www.articlesrus.net
Articles-Site.com ,http://www.articles-site.com
ArticleStreet.com ,http://www.articlestreet.com
Articlesubmission Directory ,http://articlesubmission.info
ArticlesUp ,http://www.articlesup.com
articleswww ,http://articleswww.com
ArticleTap ,http://www.articletap.com
ArticleWOW ,http://www.articlewow.com
ArticleXplosion ,http://www.articlexplosion.com
Artigle.com ,http://www.artigle.com
Ask Cyber Steve ,http://www.askcybersteve.com
Ateau.com - Home of the Awesome Site Builder! ,http://www.ateau.com
Auction Sellers Articles ,http://www.auction-sellers-articles.com
BahBahGirls ,http://www.bahbahgirls.com/articles/
BankBonds Articles ,http://www.bankbonds.co.za/article/
BBL Articles ,http://www.articles.bizbizlink.com
beaded shoes ,http://www.punjabfootwear.com
Best Articles and Tips ,http://www.bestarticlesandtips.com
Best Free Content - All ,http://groups.yahoo.com/group/bestfreecontent_all/
Best Free Content - Business ,http://www.bestfreecontent.com/
Best Free Content - Entrepreneurship ,http://groups.yahoo.com/group/bestfreecontent_entrepreneurship/
Best Success Articles ,http://www.bestsuccessarticles.com
Best Web Site Promotion ,http://www.BestWebSitePromotion.com
BestArticlesNow.com ,http://www.bestarticlesnow.com
Bestforex4beginners ,http://bestforex4beginners.com/articles/
BestNicheArticles.com ,http://www.bestnichearticles.com
Bestsellersworld.com/Articles ,http://www.bestsellersworld.com
Big Article Site ,http://www.bigarticlesite.com
Bits N Wits Articles ,http://www.bitsnwits.com
bitSnacks.com ,http://articles.bitsnacks.com
Blackfox Article Directory ,http://articledirectory.z-blackfox.info
Blogging Stuff ,http://www.bloggingstuff.com
Blogticles Articles for Bloggers ,http://www.blogticles.com
BLT-Web ,http://www.blt-web.com
Blue Articles ,http://www.bluearticles.com
Blue Water Articles ,http://www.BlueWaterArticles.com
Bookaroo ebooks and article directory ,http://www.bookaroo.info
Business Geek ,http://www.business-geek.com
Business Health Articles ,http://www.businesshealtharticles.com
Business Publications Search Engine ,http://www.bpubs.com
Button Easy Articles ,http://www.buttoneasyarticles.com
ChatXPlanet Article Directory ,http://www.chatxplanet.com/articledirectory/index.php
Chris Moos - Welcome to My World ,http://cmoos.com/blog
Click Article ,http://www.clickarticle.com
Commando Press ,http://www.commandopress.com
Computer Articles Article Directory ,http://www.computer-articles.com
Computer T&T ,http://www.hostmelive.net
Computing Arena ,http://computingarena.com
Content4Reprint - Free article library ,http://www.content4reprint.com/
Content-is-Free ,http://www.content-is-free.com
ContentKing ...Because Content is King! ,http://www.contentking.eu
Convivium Article Library ,http://www.convivium.co.za/
Cool Topix ,http://www.cooltopix.com
creativeuphoria.com ,http://creativeuphoria.com
CurseBuster Article Directory ,http://www.cursebustersound.com/article/
Custom Design Postcards ,http://www.customdesignpostcards.com
Custom Design Postcards ,http://www.customdesignpostcards.com
Dalster.com Article Directory ,http://www.dalster.com
DanJan Associates Article Content Directory ,http://www.den-tex.com/ArticleDirectory/
Debt Counseling | Debt Relief - Free Articles ,http://www.indebtcounselingresource.com
Detail Article Resource Directory ,http://www.detailingservices101.com
Direct Online Marketing ,http://www.DirectOM.com
Directory 411 ,http://www.directory-411.info/
"Directory of Articles, Publications And Syndication ",http://www.articleaffair.com
DirectoryGold Article Directory ,http://articles.directorygold.com
Disaster Tax Relief ,http://www.disaster-tax-relief.com
DJ & H Articles Unlimited ,http://articles.djhunlimited.com
dk-article ,http://www.article.com
dummies guide to ,http://www.dummiesguideto.com
E Publishing Articles ,http://www.e-publishing.org.uk
eAnnounce ,http://groups.yahoo.com/group/eAnnounce
e-Article Directory ,http://www.e-articledirectory.com
eArticlesOnline.com ,http://www.earticlesonline.com
E-Business ,http://e-business.getgr8.info/
Economy Ezine ,http://www.economyezine.com/
ElectricText ,http://www.electrictext.com/
ELGreenOnline Article Directory ,http://ELGreenOnline.com/ad
eStuffArticles.com ,http://www.estuffarticles.com
exclusive article directory ,http://www.exclusive-article.com
Experts Articles ,http://expertsarticles.com
Express Your Idea ,http://www.expressyouridea.com
EZ Articles ,http://ezarticles.net
Ezine Articles Site ,http://ezine-articles.org/ezinearticles/
Ezine Articles.com ,http://www.ezinearticles.com
Ezine Finder ,http://www.ezinefinder.com
Forex Software and Training ,http://www.forexsoftwareandtraining.com/articles/
Found Articles ,http://www.foundarticle.com
Free Article Depot ,http://free-article-depot.com
Free Article Directory UK ,http://www.free-article-directory-uk.com
Free Article Submission and Content Source ,http://www.article-space.com
Free Articles ,http://www.topica.com/lists/free_articles
Free Articles ,http://freesearcharticles.com
Free Articles @ Articles-Seek.com ,http://www.articles-seek.com
Free Articles And Content ,http://www.freearticlesandcontent.com
Free Articles for Reprint ,http://www.articles-hub.com
Free Articles Search Directory ,http://www.free-articles-search.com/
Free Articles to share ,http://www.articlesto.com
Free Content Syndication ,http://www.content-syndication.org/
Free Ezine Articles Site ,http://freezinesite.com
Free Marketing Info ,http://www.free-marketing-info.com
Free Premium Articles ,http://www.freepremiumarticles.com
Free Web Articles ,http://www.freewebarticles.info/
FREE web content ,http://www.free-web-content.yeheygoogle.com/
Free Zine Content ,http://groups.yahoo.com/group/freezinecontent
Free-Article-Bank.com ,http://www.free-article-bank.com
FreeArticlePromotion.com ,http://www.freearticlepromotion.com
FreeArticles101 ,http://www.freearticles101.info/
Freeinfoarticles.com ,http://www.freeinfoarticles.com
Freelance Freedom ,http://www.freelancefreedom.com/
Freezine Articles Blog ,http://freezine-articles.com/wp/
FYIpedia ,http://www.fyipedia.com
Gather Success ,http://www.gathersuccess.com/articles/
"Get free content for your website, newsletter or offline products! Wide range of ",http://www.articlecrash.com
Getyourcontent.com ,www.getyourcontent.com
Give me Articles ,http://www.give-me-articles.com
Global News Articles ,http://www.globalnewsarticles.com
Global Top Articles ,http://www.globaltoparticles.com
GoArticles ,http://www.goarticles.com
Gobala Krishnan ,http://articles.easywordpress.com
Good Info Home ,http://goodinfohome.com
Great articl site ,http://freelancefreedom.com
Guru Articles ,http://garticles.theguruonline.biz
Handpicked Internet Marketing Resources Directory ,http://your.ThinkOutOfTheBox.INFO
HaveInfo ,http://haveinfo.net
Hawkeye Article Directory ,http://www.hawkeyearticles.com
Hit A Link - Article and Snippet Announcements ,http://www.hitalink.com
Home Business ArticlesTo Share ,http://www.home-business.ArticlesTo.com
HowToQueen ,http://www.howtoqueen.com
http://www.ezinesarticle.com/ ,http://www.ezinesarticle.com/
http://www.TheNicheArticles.com ,http://www.thenichearticles.com
I Need Content ,http://finance.groups.yahoo.com/group/I_Need_Content
iArticle Directory ,http://www.iarticledirectory.com/
Idea at The Business Resources ,http://idea.thebusinessresources.com
IndoArticles ,http://www.indoarticles.com
Info Asylum ,http://www.infoasylum.com
Info-Depot Article Directory ,http://www.info-depot.biz
Information Galaxy ,http://www.information-galaxy.com
Information-Overload ,http://www.information-overload.eu/articleland
InfoWizards Free Content Articles ,http://content.infowizards.com
Internal-info ,http://internal-info.us
Internet Marketing ,http://internetmoneyblog.com
Internet Marketing Articles ,http://www.internetmarketingarticles.net
Internet Marketing Articles ,http://www.internetmarketingarticles.org
Internet Marketing Resource ,http://www.asfdesign.com/articles/
Internet Technology Business Articles ,http://www.thatarticledirectory.com
IntPedia Articles ,http://articles.intpedia.com
Isins Article Directory ,http://www.isins.com/articles/
IT PiMP's Article Directory ,http://articles.itpimp.co.za
JoDees Totalresell.com ,http://www.totalresell.com
Joel's Articles ,http://joelsarticles.com
"JPServicez Search Articles, Tutorials, Journals and How Tos Directory ",http://www.jpservicez-searcharticles.com
Just Articles ,http://www.JustArticles.com/
keyword articles ,http://www.keywordarticles.org
Know Articles ,http://www.knowarticles.com
knowhow-now.com ,http://knowhow-now.com
Learning Minds ,http://www.learningminds.us
liberated-press-releases.com ,http://www.liberated-press-releases.com
"Mad Article World - Free Articles, Free Content & Free Article Submission. ",http://www.madarticleworld.com
Marketing ,http://marketing.blogs-articles.com
MarketingTactic ,http://marketingtactic.com
matrixsearches ,http://www.matrixsearches.com
Midnight Marketer ,http://midnightmarketer.com
Mike's Place ,http://www.potvin.org/articles
Misyaar Articles ,http://www.misyaar.com
"MJE Sales, LLC ",http://www.mjesales.com
MoneyHomeBiz.com/ArticleDashboard ,http://www.MoneyHomeBiz.com/ArticleDashboard
More Than Articles ,http://www.morethanarticles.com
Most-Articles ,http://most-articles.com
My Affiliate marketing Opinions ,http://nakamarketing.com/blog
My Article Dashboard ,http://www.my-article-dashboard.com/
My Article Feeds ,http://www.myarticlefeeds.com
My Article Mall ,http://www.myarticlemall.com
My Article Zone ,http://www.myarticlezone.info
My Articles Directory ,http://www.myarticlesdirectory.com
myEdownloads Article Site ,http://www.myedownloads.com/articles
MyWebAuthor ,http://mywebauthor.com/
Net Marketing Whiz ,http://www.netmarketingwhiz.com/
Net One Solutions Article Directory ,http://www.netonesolutions.com/
Netwrite Publish Announce ,http://groups.yahoo.com/group/netwrite-publish-announce/
New Articles Here! ,http://www.newarticleshere.com/
New Ezine Articles ,http://www.newezinearticles.com/
New Living Ezine ,http://ezine.newlivingmedia.com
NewsFools.com ,http://newsfools.com
NewSoftwareWeb.com ,http://www.newsoftwareweb.com
NextArticles.com ,http://www.nextarticles.com
Niche Articles Live ,http://www.nichearticleslive.com/
NicheSpotlight ,http://content.nichespotlight.com
No Bull Internet Marketing Articles ,http://www.article-directory.no-bull.net
Noodlenak ,http://www.noodlenak.com
NorthAmericanWide News and Views ,http://www.northamericanwideclassified.com/northamericanwide/
NuLife Weight Loss Articles ,http://www.nulife-weightloss.com/articles/
OArticles - Build A Web Site with Articles ,http://www.oarticles.com/
On the Net News ,http://www.onthenetnews.com/
One Stop Article Shop ,http://www.onestoparticleshop.com
Online Business Opportunity ,http://www.arantabiz.com/
Online Marketing Gold ,http://www.onlinemarketinggold.com
Online MLM ,http://www.onlinemlm.com/articledirectory/
OnlineEarnings Article Board ,http://www.onlineearnings.net
OnlineJer ,http://www.onlinejer.com
Orbitaloc ,http://www.orbitaloc.com/
Parent Super Site ,http://www.parentsupersite.com
Party Articles Directory ,http://www.partyarticles.com
PhP-Community ,http://www.php-community.com
Portator ,http://www.portator.com
Power Publish ,http://www.powerpublish.co.uk
Power Search System - Internet Marketing ,http://www.power-search-system.info/internet-marketing
Profit Theme ,http://www.profittheme.com
PromoteTech's Online Articles ,http://www.promotetech.com
Publish Your Articles ,http://www.PYArticles.com
Publishedcontent ,http://www.publishedcontent.com
Quality Free Articles ,http://www.qualityfreearticles.com
Quality Free Articles ,http://www.qualityfreearticles.com
Quality Free Articles ,http://qualityfreearticles.com
Qwesz Articles Directory ,http://www.qwesz.com/articles-directory
RBG Solutions ,http://www.rbgsolutions.com/
Read My Articles ,http://groups.yahoo.com/group/ReadMyArticles/
RealEstateArticlesDirect.com ,http://www.realestatearticlesdirect.com/articles/
Rhino Articles ,http://www.rhinoarticles.com
Right Article ,http://www.rightarticle.com
Right-Info-Articles ,http://www.right-info.com
Sandie Go Mortgage Online ,http://www.sandiegomortgageonline.com/dashboard/
Search Engine Marketing And SEO ,http://www.af-marketing.info
Seek Gift Baskets Directory ,http://www.seekgiftbaskets.com/
Senior Articles ,http://www.Senior-Articles.com
SEO and Webmaster Guide ,http://allseo.net
SEO Site Manager ,http://www.seositemanager.com
Shades and Syllables ,http://www.alchemycove.com
Simple Website Tips ,http://www.simplewebsitetips.com
Site Reference ,http://site-reference.com
Small Commercial Mortgage Online Article Directory ,http://www.smallcommercialmortgageonline.com/articledirectory
Social Media Marketing Articles ,http://www.socialmediamarketingarticles.com
Sonic Syndicator ,http://sonicsyndicator.com
Spidercow Articles ,http://articles.spidercow.com
SpiinZ Articles ,http://articles.spiinz.com
Studio 31 Marketing ,http://www.Studio31Marketing.com
Submit Articles - Free Articles & Information ,http://www.articles.net.au
Submit Articles Site ,http://submitarticles.biz/submitarticles/
Submit Your Articles ,http://www.articlegear.com
Submit Your New Article ,http://www.submityournewarticle.com
Submit-news ,http://www.submit-news.com
Success Collection ,http://www.success-collection.net
Super Archives ,http://www.superarchives.com
Swap Articles & Information ,http://www.swap.com.au
Taffs Article Directory ,http://www.taffs-article-directory.com
Talkin Mince Article Directory ,http://www.talkinmince.com
Taylor's Web World ,http://www.taylorswebworld.com/
Team77 ,http://team77.com/index.php
team77 articles ,http://team77.com
Team77.com ,http://www.team77.com
Technophobiac.com ,http://www.technophobiac.com
tekArticles ,http://www.tekarticles.com
That Article Directory ,http://www.thatarticledirectory.com/
That Article Site ,http://www.thatarticlesite.com
The 3rd Party NetX ,http://www.the3rdpartynetx.com/article-feed-cache/
The Add Articles Directory ,http://www.add-articles.com
the article directory and web content ,http://www.thearticledirectoryandwebcontent.com
The Article Directory at Small Commercial Mortgage Online ,http://www.smallcommercialmortgageonline.com/articledirectory/
The article dude ,http://www.thearticledude.com/
The Article King ,http://www.thearticleking.com/
The Article Library ,http://www.thearticlelibrary.com
The Article Source ,http://www.thearticlesource.net/
The Article Trunk ,http://www.ArticleTrunk.com
The Articles Center ,http://www.thearticlescenter.com/
The Articleshelf ,http://www.articleshelf.com
The Big Article Directory ,http://www.BigArticleDirectory.com
The Digital Library ,http://www.thedigitallibrary.com/articles
The Info File ,http://www.theinfofile.com
The Internet Wonders eZine ,http://www.internetwondersezine.com
The Leading Articles.com ,http://www.theleadingarticles.com
The New Articles ,http://thenewarticles.com
The Old Print Works ,http://www.theoldprintworks.net
The Online Reports Article Directory ,http://article.theonlinereports.com
The Real Articles ,http://www.therealarticles.com/
The Web Llama ,http://www.thewebllama.com
The Webmaster Diaries ,http://www.fortunes-today.com
TheArticleBlogs ,http://www.thearticleblogs.com/
Thousand Folders ,http://thousandfolders.com/
Tips Tricks Resource Portal ,http://www.tips.com.my
TipShare.net ,http://www.tipshare.net
Top Articles Directory ,http://www.top-articles-directory.com
Top-Affiliate.com ,http://www.top-affiliate.com/articles
Totalresell.com Article Directory ,http://www.totalresell.com
TOYO.COM ,http://TOYO.COM
Traffichelp4u Article Dashboard ,http://www.traffichelp4u.com
Triple X Articles ,http://www.triplexarticles.com
uncommonreads ,http://www.uncommonreads.com
Updated Articles ,http://www.updatedarticles.com
Web Designing & Development ,http://www.bytesworth.com/articles
Web Pro News ,http://www.webpronews.com
Webhosting Monkey ,http://www.webhostingmonkey.com
Webiar Free Articles ,http://www.webiar.com
Webmaster Solutions ,http://www.kdevtr.com
Weight Loss Buddy Articles ,http://www.weightlossbuddy.com
WellWisher Articles ,http://www.wellwisher.org
Wongaa Wiki ,http://www.wongaa.com
work at home ,http://www.northamericanwideworkathome.com
Work At Home Article Blog ,http://www.wahguide.com/articles/
Work At Home Business Website ,http://work-at-home-business-website.com/
Work At Home Fair ,http://www.workathomefair.com
Work On The Internet Newsetter ,http://www.workoninternet.com
World Class Articles ,http://www.world-class-articles.com
World Free Articles ,http://www.worldfreearticles.com
World Of Articles ,http://www.worldofarticles.net
World Wide Web Information Central ,http://www.worldwidewebinformationcentral.com
Worldtech Media ,http://www.worldtech.cc
xyArticles ,http://www.xyarticles.com
Your Article Directory ,http://www.article-4-you.com
Your Article Online ,http://www.yourarticleonline.com
Your Articles World Directory ,http://www.yourarticlesworld.com
Your Free SAtellite ,http://www.your-free-satellite.com/index-2.html
Your Yin Yang ,http://www.youryinyang.com/articles/
Zilla Articles Directory ,http://www.zillaarticles.com