Name,Website,Pagerank,Result
GoArticles ,http://www.goarticles.com,6,submitted
AD ,http://www.articledashboard.com,5,submitted
Articles Base Directory ,http://www.articlesbase.com,5,submitted
ArticleXplosion ,http://www.articlexplosion.com,4,submitted
Content4Reprint - Free article library ,http://www.content4reprint.com/,4,submitted
Ezine Finder ,http://www.ezinefinder.com,4,submitted
Work On The Internet Newsetter ,http://www.workoninternet.com,4,submitted
ABC Article Directory ,http://www.abcarticledirectory.com/,3,submitted
Article Blotter ,http://www.articleblotter.com,3,submitted
Article-Buzz - Free Article Directory ,http://www.article-buzz.com/,3,submitted
ArticleManiac.com ,http://www.articlemaniac.com,3,submitted
Free Articles for Reprint ,http://www.articles-hub.com,3,submitted
Getyourcontent.com ,www.getyourcontent.com,3,submitted
"JPServicez Search Articles, Tutorials, Journals and How Tos Directory ",http://www.jpservicez-searcharticles.com,3,submitted
Rhino Articles ,http://www.rhinoarticles.com,3,submitted
Right Article ,http://www.rightarticle.com,3,submitted